{
    "keep": {
        "days": true,
        "amount": 14
    },
    "auditLog": "logs\\.27d2dc2802ae5225246d6e59f000f10d5a9bddf2-audit.json",
    "files": [
        {
            "date": 1700752500157,
            "name": "logs\\app-2023-11-23.log",
            "hash": "cb99b88b90a63cf25969a32ade3610ac8413d4edfea455720ddaa7ae267c4f06"
        },
        {
            "date": 1700838692604,
            "name": "logs\\app-2023-11-24.log",
            "hash": "d73deac064b61288c61311e176071d4fb907c3d58908cafab995f16065c6a88f"
        },
        {
            "date": 1700921491483,
            "name": "logs\\app-2023-11-25.log",
            "hash": "1c04770dad775662a62fbb23acb57d326993ce5a32ff8a4c7c42575adf641973"
        },
        {
            "date": 1701013572411,
            "name": "logs\\app-2023-11-26.log",
            "hash": "ed75633d9e01ae2d1a00f0a2838f8c479d18d5b8e98d430c84b1c92c0ed8e09c"
        },
        {
            "date": 1701096917267,
            "name": "logs\\app-2023-11-27.log",
            "hash": "77973dc6060786efbe672af23b58ef0c7f8b03e43738f577887c319caf06f3e2"
        },
        {
            "date": 1701180959109,
            "name": "logs\\app-2023-11-28.log",
            "hash": "d8ae3d025eeccedcf9f9b274217192b89bfc2eea922b52f0040e0c975ac0af18"
        },
        {
            "date": 1701267269109,
            "name": "logs\\app-2023-11-29.log",
            "hash": "2280064814c48ee23e6517e93af260974ad01c13e8ce5669959df26f6ba57eda"
        },
        {
            "date": 1701357396685,
            "name": "logs\\app-2023-11-30.log",
            "hash": "79af43e99d2e0a3124c8b76a21e6a8bf11dd635d526e2ebd930dd4465755c298"
        },
        {
            "date": 1701438171993,
            "name": "logs\\app-2023-12-01.log",
            "hash": "8ed3edf917448f2961ded248a190b4bae131ccf708b4ec68a503b7733c024e74"
        },
        {
            "date": 1701454880023,
            "name": "logs\\app-2023-12-02.log",
            "hash": "5d7d3874194846d1e2f3318bdac49066a2f06db84ff25471777f7ca0d756990b"
        },
        {
            "date": 1701613429677,
            "name": "logs\\app-2023-12-03.log",
            "hash": "2cf5b97a4cc71f8c61d3ffd6d9c59a2bb03916c4c5a48a272b125e69751853e3"
        },
        {
            "date": 1701700611140,
            "name": "logs\\app-2023-12-04.log",
            "hash": "fedb57196f66fb0895d1b9bff67d4e123fe56de4cf97d1e1597e167c19ea947a"
        },
        {
            "date": 1701792262913,
            "name": "logs\\app-2023-12-05.log",
            "hash": "0fbb3be031c706ee78f76501dacbe3d2c9920f2f71398de3d82c8736ec287806"
        }
    ],
    "hashType": "sha256"
}